City_ID,City,Lat,Lng,Max Temp,Humidity,Cloudiness,Wind Speed,Country,Date
0,ribeira grande,38.5167,-28.7,19.32,88,75,10.28,PT,1736874146
1,puerto natales,-51.7236,-72.4875,15.25,41,75,11.83,CL,1736874147
2,olonkinbyen,70.9221,-8.7187,-1.08,98,100,7.45,SJ,1736874149
3,chibougamau,49.9168,-74.3659,-14.21,85,100,4.12,CA,1736874150
4,veinticinco de mayo,-35.4323,-60.1727,37.61,13,3,4.51,AR,1736874152
5,college,64.8569,-147.8028,-11.44,98,100,0.42,US,1736874153
6,namsos,64.4662,11.4957,2.95,93,75,1.03,NO,1736874154
7,adamstown,-25.066,-130.1015,23.52,86,100,9.75,PN,1736874157
8,grytviken,-54.2811,-36.5092,7.95,52,4,4.78,GS,1736874084
9,terrace,54.5163,-128.6035,4.95,100,100,8.23,CA,1736874160
10,nova sintra,14.8667,-24.7167,23.5,70,2,6.73,CV,1736874161
11,saipan,15.1355,145.701,28.39,80,75,9.26,MP,1736873977
12,port mathurin,-19.6833,63.4167,26.39,76,8,7.98,MU,1736874164
13,waitangi,-43.9535,-176.5597,12.68,99,8,2.68,NZ,1736874165
14,stanley,54.868,-1.6985,8.01,87,40,6.17,GB,1736874167
15,coyhaique,-45.5752,-72.0662,14.8,57,72,4.81,CL,1736874009
16,kavaratti,10.5669,72.642,28.08,73,75,2.05,IN,1736874170
17,port-aux-francais,-49.35,70.2167,5.43,82,94,21.6,TF,1736874172
18,bredasdorp,-34.5322,20.0403,16.64,63,87,7.25,ZA,1736874173
19,lebu,-37.6167,-73.65,18.08,56,72,3.8,CL,1736874174
20,isafjordur,66.0755,-23.124,2.02,93,100,0.0,IS,1736874176
21,sisimiut,66.9395,-53.6735,-22.23,82,26,3.47,GL,1736874178
22,yuzhno-kurilsk,44.0306,145.8556,-1.36,71,100,3.6,RU,1736874179
23,wailua homesteads,22.0669,-159.378,21.32,85,5,4.01,US,1736874180
24,hawaiian paradise park,19.5933,-154.9731,20.5,99,0,0.58,US,1736874182
25,limulunga,-15.0969,23.1376,21.51,91,100,2.79,ZM,1736874183
26,kodiak,57.79,-152.4072,0.52,73,68,3.48,US,1736874184
27,mahina,-17.5065,-149.489,23.87,88,75,3.09,PF,1736874186
28,blackmans bay,-43.0167,147.3167,16.07,95,100,3.77,AU,1736874187
29,anadyr,64.75,177.4833,-25.72,76,0,3.0,RU,1736874188
30,haiku-pauwela,20.9219,-156.3051,21.81,86,14,5.36,US,1736874190
31,kuytun,54.3419,101.5036,-6.96,70,100,4.03,RU,1736874191
32,riversdale,18.1659,-76.9642,30.03,58,86,2.65,JM,1736874193
33,olds,51.7834,-114.102,-3.13,77,36,4.13,CA,1736874194
34,bethel,41.3712,-73.414,-0.26,45,3,3.58,US,1736874195
35,yellowknife,62.456,-114.3525,-8.66,99,100,5.66,CA,1736874197
36,whitehorse,60.7161,-135.0538,-0.57,100,75,7.72,CA,1736874153
37,drayton valley,53.2168,-114.9854,-2.74,80,81,4.53,CA,1736874201
38,presidente dutra,-5.29,-44.49,22.87,95,100,1.4,BR,1736874194
39,isangel,-19.55,169.2667,24.67,82,48,2.67,VU,1736874205
40,bubaque,11.2833,-15.8333,26.26,59,49,5.87,GW,1736874206
41,hamilton,39.1834,-84.5333,-2.91,63,37,2.24,US,1736874057
42,hadibu,12.65,54.0333,23.03,73,8,7.81,YE,1736874133
43,aberdeen,57.1437,-2.0981,8.27,86,98,2.06,GB,1736874004
44,kitimat,54.0524,-128.6534,6.5,28,100,1.82,CA,1736874211
45,priob'ye,62.5206,65.5964,-9.22,93,95,3.88,RU,1736874212
46,marsabit,2.3284,37.9899,24.15,23,82,7.31,KE,1736874214
47,antonio enes,-16.2325,39.9086,25.62,85,100,2.88,MZ,1736874133
48,tazovsky,67.4667,78.7,-18.28,98,40,3.69,RU,1736874217
49,bilibino,68.0546,166.4372,-24.31,98,100,0.75,RU,1736874218
50,ibi,38.6253,-0.5723,7.73,59,0,2.04,ES,1736874220
51,namdrik,5.5994,168.1028,27.05,80,32,9.89,MH,1736874221
52,atafu village,-8.5421,-172.5159,27.87,75,86,6.74,TK,1736874222
53,longyearbyen,78.2186,15.6401,-9.09,73,75,8.75,SJ,1736874223
54,luderitz,-26.6481,15.1594,19.91,67,0,11.75,NA,1736874224
55,almus,40.3758,36.9044,4.49,96,100,1.35,TR,1736874226
56,edinburgh of the seven seas,-37.0676,-12.3116,16.84,96,100,7.74,SH,1736874227
57,tadine,-21.55,167.8833,22.2,93,85,4.43,NC,1736874229
58,georgetown,5.4112,100.3354,27.96,68,20,5.14,MY,1736873564
59,jamestown,42.097,-79.2353,-8.2,78,100,5.66,US,1736873973
60,talnakh,69.4865,88.3972,-20.69,97,100,3.23,RU,1736874212
61,teluk nibung,3.001,99.8164,24.06,94,75,2.8,ID,1736874234
62,colonia,50.9333,6.95,1.65,77,100,0.51,DE,1736874235
63,masterton,-40.9597,175.6575,6.5,97,36,1.48,NZ,1736874236
64,birao,10.2849,22.7882,27.05,14,23,2.55,CF,1736874238
65,tolga,34.7222,5.3785,11.47,49,6,6.6,DZ,1736874239
66,nemuro,43.3236,145.575,-2.69,74,100,7.82,JP,1736874240
67,udachny,66.4167,112.4,-23.93,98,100,2.81,RU,1736874242
68,dudinka,69.4058,86.1778,-18.77,97,100,4.03,RU,1736874031
69,tazacorte,28.629,-17.9293,20.08,77,75,5.14,ES,1736874245
70,avarua,-21.2078,-159.775,23.03,83,40,1.54,CK,1736874246
71,thompson,55.7435,-97.8558,-25.91,84,0,1.54,CA,1736874247
72,klyuchi,52.2667,79.1667,-10.46,84,10,4.14,RU,1736874248
73,ushuaia,-54.8,-68.3,12.81,44,40,6.17,AR,1736874028
74,olinda,-8.0089,-34.8553,29.85,70,75,5.14,BR,1736874004
75,zhangye,38.9342,100.4517,-7.36,65,100,0.8,CN,1736874221
76,lihue,21.9789,-159.3672,21.77,94,40,6.17,US,1736874255
77,ilulissat,69.2167,-51.1,-33.66,73,5,2.42,GL,1736874257
78,okha,53.5739,142.9478,-19.9,100,100,3.82,RU,1736874258
79,vyazemskiy,47.5378,134.7525,-19.88,93,100,3.77,RU,1736874259
80,fort mcmurray,56.7268,-111.381,-4.23,86,75,1.03,CA,1736874027
81,albany,42.6001,-73.9662,-3.54,58,40,2.68,US,1736873594
82,west island,-12.1568,96.8225,26.99,74,20,2.06,CC,1736874263
83,santa elena de uairen,4.6167,-61.1333,26.92,38,97,2.16,VE,1736874264
84,bowen,-20.0167,148.2333,26.65,84,84,4.43,AU,1736874267
85,kiunga,-6.1219,141.2906,23.41,98,100,0.65,PG,1736874268
86,egilsstadir,65.2653,-14.3948,6.95,81,75,8.23,IS,1736874269
87,iqaluit,63.7506,-68.5145,-25.15,69,100,0.0,CA,1736874271
88,katsuura,35.1333,140.3,9.24,70,0,5.68,JP,1736874272
89,puerto ayora,-0.7393,-90.3518,24.75,97,86,2.24,EC,1736874274
90,i-n-salah,27.1935,2.4607,13.78,28,0,4.4,DZ,1736874276
91,xinpu,34.5997,119.1594,-2.16,28,37,4.08,CN,1736874277
92,barentu,15.1139,37.5928,25.82,38,3,6.9,ER,1736874278
93,tsukawaki,33.2667,131.15,5.99,90,91,3.76,JP,1736874280
94,gabrovo,42.8747,25.3342,-1.72,74,99,1.42,BG,1736874281
95,margaret river,-33.95,115.0667,12.74,76,6,3.29,AU,1736874282
96,midleton,51.9153,-8.1805,10.97,96,100,3.47,IE,1736874284
97,sanctuary point,-35.1114,150.629,19.7,95,38,0.65,AU,1736874285
98,prado,-17.3411,-39.2208,26.78,73,100,3.78,BR,1736874286
99,port lincoln,-34.7333,135.8667,18.74,88,100,7.87,AU,1736874288
100,aykhal,66.0,111.5,-24.39,99,100,2.09,RU,1736874289
101,invercargill,-46.4,168.35,6.0,97,92,0.82,NZ,1736874290
102,enewetak,11.3474,162.3373,26.97,78,41,11.14,MH,1736874292
103,mili,6.0815,171.735,27.61,68,59,8.84,MH,1736874293
104,bonthe,7.5264,-12.505,29.7,50,32,5.26,SL,1736874192
105,hermanus,-34.4187,19.2345,16.0,70,86,5.58,ZA,1736874296
106,viedma,-40.8135,-62.9967,25.57,28,100,0.79,AR,1736874297
107,kapuskasing,49.4169,-82.4331,-15.95,85,100,3.6,CA,1736874298
108,sibenik,43.7272,15.9058,5.21,38,0,2.24,HR,1736874300
109,qaqortoq,60.7167,-46.0333,-12.38,69,12,2.39,GL,1736874301
110,tsiombe,-25.3,45.4833,24.34,93,100,2.89,MG,1736874302
111,nar'yan-mar,67.6713,53.087,-6.34,97,100,2.49,RU,1736874304
112,conselheiro pena,-19.1722,-41.4722,26.47,78,100,1.56,BR,1736874305
113,pisco,-13.7,-76.2167,24.45,83,0,4.63,PE,1736874306
114,sai buri,6.7013,101.6168,26.09,74,92,1.99,TH,1736874308
115,punta arenas,-53.15,-70.9167,14.06,47,40,14.4,CL,1736874309
116,saiha,22.4833,92.9667,13.24,63,0,1.8,IN,1736874310
117,la ronge,55.1001,-105.2842,-14.86,78,20,2.06,CA,1736874311
118,argo,37.6333,22.7333,5.73,94,100,2.52,GR,1736874312
119,codrington,-38.2667,141.9667,18.74,76,100,6.78,AU,1736874314
120,chicoana,-25.1009,-65.5331,27.03,46,20,0.47,AR,1736874315
121,badger,64.8,-147.5333,-3.05,80,75,2.57,US,1736874316
122,ad diwaniyah,31.9905,44.9306,14.57,48,11,4.44,IQ,1736874317
123,skovorodino,53.9833,123.9167,-33.62,100,14,0.57,RU,1736874318
124,ternate,0.8,127.4,25.97,83,100,1.93,ID,1736874320
125,cabo san lucas,22.8909,-109.9124,21.4,58,0,2.57,MX,1736874321
126,aasiaat,68.7098,-52.8699,-33.9,97,79,3.13,GL,1736874323
127,wickenburg,33.9686,-112.7296,9.99,22,0,0.89,US,1736874324
128,nelson,-41.2833,173.2833,15.16,86,100,0.45,NZ,1736874326
129,kemijarvi,66.7131,27.4306,-0.68,80,58,5.28,FI,1736874327
130,tiksi,71.6872,128.8694,-30.27,98,96,2.97,RU,1736874328
131,usogorsk,63.4106,48.6872,-4.89,95,100,4.31,RU,1736874330
132,shingu,33.7333,135.9833,5.01,82,14,2.63,JP,1736874331
133,karasburg,-28.0167,18.75,26.41,19,0,9.81,NA,1736874332
134,zhumysker,49.3333,49.4,-3.26,77,11,3.63,KZ,1736874333
135,tura,25.5198,90.2201,15.38,56,0,1.97,IN,1736874038
136,saint-joseph,-21.3667,55.6167,27.21,78,46,2.61,RE,1736874336
137,kupang,-10.1667,123.5833,27.32,94,100,2.06,ID,1736874337
138,fort bragg,35.139,-79.006,8.71,30,0,5.66,US,1736874108
139,weiser,44.251,-116.9693,-1.89,72,31,1.52,US,1736874340
140,hami,42.8,93.45,-5.94,49,0,0.87,CN,1736874341
141,selfoss,63.9331,-20.9971,7.8,98,100,9.96,IS,1736874343
142,kasempa,-13.4584,25.8338,20.38,91,100,2.04,ZM,1736874344
143,hondo,32.45,130.2,13.64,62,100,7.97,JP,1736874346
144,saldanha,-33.0117,17.9442,18.03,81,51,10.9,ZA,1736874348
145,mukerian,31.9506,75.6158,10.49,46,0,1.4,IN,1736874349
146,crane,31.3974,-102.3501,7.46,51,3,5.79,US,1736874350
147,grand falls-windsor,48.9332,-55.6649,-0.83,81,87,2.29,CA,1736874352
148,sorong,-0.8833,131.25,26.6,82,100,1.38,ID,1736874353
149,port shepstone,-30.7414,30.455,25.43,90,6,9.53,ZA,1736874354
150,alotau,-10.3069,150.4462,25.53,91,99,1.85,PG,1736874356
151,mahavelona,-17.6848,49.5087,25.55,87,100,2.2,MG,1736874193
152,zemio,5.0314,25.1361,27.9,25,80,1.35,CF,1736874358
153,ciudad del carmen,18.6333,-91.8333,23.86,89,86,1.78,MX,1736874116
154,naze,28.3667,129.4833,9.51,68,49,2.33,JP,1736874361
155,el grao,39.798,-0.1321,10.17,49,0,0.88,ES,1736874362
156,sen monorom,12.45,107.2,20.52,84,94,3.83,KH,1736874363
157,vobarno,45.6401,10.5035,2.1,52,0,1.21,IT,1736874365
158,safi,32.1667,-8.8333,16.93,21,0,4.98,MA,1736874366
159,newman,37.3138,-121.0208,8.63,48,1,0.58,US,1736874367
160,quellon,-43.1167,-73.6167,15.64,59,73,5.04,CL,1736874369
161,carrizo springs,28.5219,-99.8606,7.97,57,100,0.0,US,1736874370
162,amga,60.8953,131.9608,-45.33,100,85,0.74,RU,1736874372
163,vadso,70.0744,29.7487,-1.39,72,15,5.16,NO,1736874373
164,daru,-9.0763,143.2092,25.73,90,100,2.83,PG,1736874374
165,port isabel,26.0734,-97.2086,14.02,100,100,4.63,US,1736874376
166,saudarkrokur,65.7461,-19.6394,6.5,92,100,10.84,IS,1736874148
167,dolisie,-4.1997,12.6739,23.38,92,100,2.32,CG,1736874378
168,hasaki,35.7333,140.8333,8.8,62,2,3.85,JP,1736874380
169,constantia,44.1833,28.65,0.39,66,37,3.12,RO,1736874105
170,utrik,11.2278,169.8474,26.56,79,73,10.99,MH,1736874382
171,howard springs,-12.497,131.047,27.95,99,100,2.12,AU,1736874384
172,bay roberts,47.5999,-53.2648,0.03,80,79,1.79,CA,1736874386
173,port elizabeth,-33.918,25.5701,22.16,84,20,12.35,ZA,1736874314
174,east london,-33.0153,27.9116,24.52,69,40,8.75,ZA,1736874396
175,buka,40.8108,69.1986,4.56,39,88,1.4,UZ,1736874398
176,boundiali,9.5217,-6.4869,34.83,10,45,1.09,CI,1736874399
177,icano,-28.9193,-65.3282,37.95,16,27,3.98,AR,1736874400
178,muli,2.9167,73.5667,26.45,80,100,6.87,MV,1736874402
179,weining,26.85,104.2333,-1.28,92,94,1.22,CN,1736874403
180,el porvenir,13.7617,-87.3458,31.51,25,95,2.22,HN,1736874404
181,virginia,37.5481,-77.4467,4.19,43,0,5.14,US,1736874405
182,midvagur,62.0511,-7.1939,8.46,100,100,2.06,FO,1736874407
183,kingston,17.997,-76.7936,30.65,58,20,3.09,JM,1736873958
184,luanda,-8.8368,13.2343,28.0,69,75,4.63,AO,1736874270
185,twon-brass,4.3151,6.2418,28.44,72,71,6.47,NG,1736874410
186,penzance,50.1186,-5.5371,10.38,87,20,3.6,GB,1736874411
187,keflavik,64.0049,-22.5624,9.24,100,100,14.4,IS,1736874413
188,rongelap,11.1635,166.8941,26.92,77,89,11.18,MH,1736874414
189,vila franca do campo,37.7167,-25.4333,18.27,99,100,4.79,PT,1736874416
190,humberto de campos,-2.5983,-43.4611,24.03,95,100,0.29,BR,1736874417
191,konarka,19.9,86.1167,21.85,67,44,3.47,IN,1736874419
192,goldsboro,35.3849,-77.9928,6.95,30,20,5.14,US,1736874191
193,papatowai,-46.5619,169.4708,10.98,77,95,3.87,NZ,1736874422
194,sarkad,46.75,21.3833,-3.92,72,0,0.32,HU,1736874423
195,borogontsy,62.6683,131.1683,-43.99,100,79,1.43,RU,1736874425
196,sao miguel,-5.4667,-35.3667,25.77,85,100,4.45,BR,1736874426
197,forest,37.3638,-79.2897,2.03,37,0,2.57,US,1736874428
198,thinadhoo,0.5333,72.9333,27.27,76,76,6.62,MV,1736874429
199,oriximina,-1.7656,-55.8661,33.63,43,91,1.49,BR,1736874430
200,castillos,-34.1667,-53.8333,27.24,46,78,6.35,UY,1736874431
201,inhambane,-23.865,35.3833,27.97,76,61,1.22,MZ,1736874433
202,kokopo,-4.352,152.2633,26.29,76,100,1.94,PG,1736874434
203,tomatlan,19.9333,-105.25,28.66,52,100,0.57,MX,1736874436
204,kruisfontein,-34.0033,24.7314,19.8,80,1,11.91,ZA,1736874437
205,la paz,-16.5,-68.15,16.99,36,40,4.63,BO,1736873818
206,posto fiscal rolim de moura,-13.0833,-62.2667,22.72,98,100,2.46,BR,1736874440
207,salinopolis,-0.6136,-47.3561,27.73,72,100,4.84,BR,1736874441
208,kondopoga,62.2057,34.2614,1.57,98,100,3.96,RU,1736874443
209,azangaro,-14.9167,-70.2167,15.2,20,1,2.0,PE,1736874445
210,iskateley,67.6803,53.1512,-6.35,97,100,2.53,RU,1736874446
211,acapulco de juarez,16.8634,-99.8901,28.9,61,40,1.54,MX,1736874448
212,bikenibeu village,1.3673,173.1241,26.98,83,20,4.12,KI,1736874449
213,namibe,-15.1961,12.1522,22.08,76,83,5.22,AO,1736874451
214,mitu,1.1983,-70.1733,30.36,40,100,3.33,CO,1736874452
215,port augusta,-32.5,137.7667,24.76,49,100,2.95,AU,1736874454
216,sungai penuh,-2.0833,101.3833,18.99,98,100,0.76,ID,1736874455
217,polyarnyy,69.1989,33.4478,-0.3,62,100,7.67,RU,1736874261
218,perugorria,-29.3413,-58.6106,35.98,18,58,2.15,AR,1736874458
219,najran,17.4924,44.1277,14.11,48,0,2.72,SA,1736874459
220,strathmore,51.0501,-113.3852,-5.11,77,34,3.33,CA,1736874360
221,al ghayzah,16.2079,52.176,22.38,39,0,2.58,YE,1736874461
222,marsala,37.7966,12.4352,11.75,78,80,9.77,IT,1736874463
223,coquimbo,-29.9533,-71.3436,21.85,73,75,6.17,CL,1736874464
224,st. john's,47.5649,-52.7093,0.6,83,75,5.14,CA,1736874366
225,kerikeri,-35.2268,173.9474,9.95,89,18,1.81,NZ,1736874466
226,touros,-5.1989,-35.4608,25.78,86,100,4.17,BR,1736874469
227,uturoa,-16.7333,-151.4333,27.4,80,100,10.81,PF,1736874472
228,fale old settlement,-9.3852,-171.2468,27.57,79,97,8.48,TK,1736874473
229,richards bay,-28.783,32.0377,26.18,80,0,5.88,ZA,1736874474
230,nadym,65.5333,72.5167,-9.29,93,100,4.96,RU,1736874475
231,borkum,53.5809,6.6915,6.91,92,100,8.29,DE,1736874477
232,sept-iles,50.2001,-66.3821,-5.53,68,100,4.12,CA,1736874398
233,la passe,45.5549,-0.8967,3.45,62,40,4.75,FR,1736874479
234,belo sur tsiribihina,-19.7,44.55,25.42,91,100,4.27,MG,1736874480
235,bambanglipuro,-7.95,110.2833,25.09,89,100,2.84,ID,1736874482
236,labytnangi,66.6572,66.4183,-11.04,94,100,0.87,RU,1736874483
237,teshi old town,5.5836,-0.1072,28.79,70,14,6.18,GH,1736874484
238,mhasvad,17.6333,74.7833,25.38,42,73,3.74,IN,1736874485
239,tagaw-bay,35.6994,66.0616,-1.01,81,100,2.11,AF,1736874487
240,nyagan,62.1406,65.3936,-7.57,93,93,4.29,RU,1736874488
241,mahanoro,-19.9,48.8,25.19,93,100,2.56,MG,1736874489
242,rawai,7.7797,98.3253,25.32,77,67,5.14,TH,1736874490
243,laojunmiao,39.8333,97.7333,-9.36,67,54,2.2,CN,1736874492
244,saint-francois,46.4154,3.9054,-1.31,82,0,1.54,FR,1736874493
245,roma,43.2128,-75.4557,-3.68,62,100,9.26,US,1736874431
246,vila velha,-20.3297,-40.2925,25.97,84,100,3.6,BR,1736874039
247,morehead city,34.7229,-76.726,8.89,38,3,3.13,US,1736874497
248,swakopmund,-22.6833,14.5333,19.43,80,23,4.92,NA,1736874499
249,calama,-22.4667,-68.9333,22.27,24,0,10.29,CL,1736874500
250,coronel dorrego,-38.7187,-61.2873,30.83,35,37,8.62,AR,1736874501
251,korla,41.7597,86.1469,-7.24,77,2,3.04,CN,1736874503
252,puerto deseado,-47.7503,-65.8938,20.79,25,3,5.94,AR,1736874504
253,berezniki,59.4152,56.8124,-5.85,92,100,5.73,RU,1736874507
254,waddan,29.1614,16.139,14.94,43,7,3.62,LY,1736874508
255,afaahiti,-17.75,-149.2833,25.89,87,100,9.05,PF,1736874513
256,tual,-5.6667,132.75,28.67,76,100,7.33,ID,1736874514
257,san patricio,28.017,-97.5169,10.97,77,100,4.16,US,1736874515
258,sylacauga,33.1732,-86.2516,5.87,38,75,1.54,US,1736874268
259,petropavlovsk-kamchatsky,53.0452,158.6483,-15.47,82,8,3.24,RU,1736874518
260,arauquita,7.0292,-71.4281,33.92,31,99,2.34,CO,1736874519
261,fauske,67.2588,15.3918,2.75,91,99,2.18,NO,1736874520
262,dexter,36.7959,-89.9579,4.85,74,9,5.11,US,1736874521
263,khandyga,62.6667,135.6,-37.73,100,99,0.18,RU,1736874522
264,mount gambier,-37.8333,140.7667,17.66,87,100,3.52,AU,1736874523
265,debesy,57.6529,53.8049,-8.19,93,100,5.04,RU,1736874525
266,sitka,57.0531,-135.33,6.94,76,75,3.09,US,1736874526
267,lorengau,-2.0226,147.2712,28.02,78,99,3.62,PG,1736874528
268,phan thiet,10.9333,108.1,23.63,91,99,1.94,VN,1736874529
269,mariakani,-3.8633,39.4736,26.05,79,97,4.89,KE,1736874530
270,holualoa,19.6228,-155.9522,19.93,82,20,2.57,US,1736874531
271,vilyuchinsk,52.9306,158.4028,-15.7,90,11,3.45,RU,1736874533
272,queenstown,-31.8976,26.8753,19.7,75,8,7.32,ZA,1736874534
273,mejit,10.2753,170.8646,26.94,72,75,10.39,MH,1736874535
274,aral,40.5156,81.2636,-5.79,61,0,2.35,CN,1736874294
275,moapa valley,36.5805,-114.4703,8.71,33,0,1.37,US,1736874537
276,bozeman,45.6796,-111.0386,-5.04,72,20,2.06,US,1736874426
277,chonchi,-42.6128,-73.8092,18.85,44,45,1.76,CL,1736874540
278,gaspe,48.8334,-64.4819,-4.88,80,75,2.57,CA,1736874320
279,kolonia,50.9333,6.95,1.65,77,100,0.51,DE,1736874521
280,ola,59.5833,151.2833,-24.96,85,7,3.6,RU,1736874543
281,ust-nera,64.5667,143.2,-34.34,94,100,1.13,RU,1736874545
282,khanty-mansiysk,61.0042,69.0019,-4.94,93,75,5.0,RU,1736874546
283,verkhnevilyuysk,63.4453,120.3167,-22.99,96,100,4.09,RU,1736874547
284,tindouf,27.6711,-8.1474,16.85,19,31,6.02,DZ,1736874549
285,tolanaro,-25.0319,46.9987,25.12,96,100,3.6,MG,1736874550
286,mana,5.6592,-53.7767,28.17,59,86,4.08,GF,1736874552
287,imbituba,-28.24,-48.6703,24.38,64,27,6.44,BR,1736874553
288,arkalyk,50.2486,66.9114,-10.72,80,91,3.1,KZ,1736874554
289,saguenay,48.4168,-71.0657,-7.18,78,100,0.45,CA,1736874556
290,port-vila,-17.7338,168.3219,24.27,87,99,2.58,VU,1736874557
291,knyaze-volkonskoye,48.4642,135.4567,-18.81,98,100,1.45,RU,1736874559
292,smiltene,57.4244,25.9016,2.76,98,100,4.96,LV,1736874560
293,puerto penasco,31.3167,-113.5333,10.99,19,0,5.14,MX,1736874561
294,malvan,16.0667,73.4667,25.11,81,12,3.73,IN,1736874372
295,kovalam,8.3667,76.9967,28.05,69,75,1.03,IN,1736874564
296,nuriootpa,-34.4833,139.0,21.63,52,100,2.52,AU,1736874565
297,palmer,42.1584,-72.3287,-0.38,37,75,7.72,US,1736874566
298,sao gabriel da cachoeira,-0.1303,-67.0892,27.46,90,95,2.05,BR,1736874568
299,nueve de julio,-35.4444,-60.8831,38.25,11,6,4.59,AR,1736874569
300,guarapari,-20.6667,-40.4975,24.29,84,100,2.69,BR,1736874571
301,fuyang,32.9,115.8167,0.32,28,41,2.98,CN,1736874572
302,copala,16.65,-98.9833,27.81,57,2,1.88,MX,1736874573
303,laem sing,12.4816,102.0738,23.34,57,89,3.58,TH,1736874575
304,maitum,6.0392,124.4986,25.83,79,100,1.1,PH,1736874576
305,porteirinha,-15.7433,-43.0283,23.15,90,100,2.82,BR,1736874577
306,zambezi,-13.5432,23.1047,20.95,88,100,1.65,ZM,1736874578
307,puerto baquerizo moreno,-0.9,-89.6,27.55,74,75,5.66,EC,1736874580
308,ancud,-41.8697,-73.8203,15.38,59,68,3.27,CL,1736874582
309,alofi,-19.0595,-169.9187,22.94,88,100,2.06,NU,1736874583
310,sinnar,13.5691,33.5672,27.44,19,30,4.49,SD,1736874586
311,mocorito,25.4833,-107.9167,23.25,31,5,0.2,MX,1736874587
312,winnemucca,40.973,-117.7357,-5.97,79,0,0.0,US,1736874590
313,rio grande,-32.035,-52.0986,25.07,66,86,7.4,BR,1736874331
314,stephenville,32.2207,-98.2023,9.58,49,0,3.09,US,1736874389
315,kayes,14.0,-11.0,33.41,11,100,2.3,ML,1736874594
316,qui nhon,13.7667,109.2333,21.04,90,100,4.67,VN,1736874596
317,antsiranana,-12.2787,49.2917,25.63,80,96,2.31,MG,1736874597
318,aydincik,36.1437,33.3202,15.81,79,75,3.02,TR,1736874598
319,hecun,36.5333,114.1111,-2.49,23,0,0.18,CN,1736874600
320,flying fish cove,-10.4217,105.6791,24.82,88,47,2.06,CX,1736874601
321,yabelo,4.8833,38.0833,20.75,21,44,8.36,ET,1736874603
322,spearfish,44.4908,-103.8594,-0.96,78,100,5.14,US,1736874533
323,bereeda,11.8704,51.0579,23.74,68,45,7.12,SO,1736874607
324,galeana,24.8333,-100.0667,13.21,54,100,0.56,MX,1736874608
325,brezina,33.0989,1.2608,6.25,57,37,7.25,DZ,1736874609
326,gizo,-8.103,156.8419,27.88,77,42,2.53,SB,1736874612
327,raduzhny,62.0961,77.475,-9.17,96,100,4.2,RU,1736874614
328,bayji,34.9311,43.487,13.55,54,10,3.09,IQ,1736874615
329,embi,48.8264,58.1442,-9.59,96,100,1.42,KZ,1736874616
330,mead,47.7674,-117.3549,-0.93,87,100,1.54,US,1736874618
331,camayenne,9.535,-13.6878,27.71,63,47,5.69,GN,1736874619
332,ceska lipa,50.6855,14.5376,-1.1,88,97,1.45,CZ,1736874620
333,akureyri,65.6835,-18.0878,8.96,76,75,14.4,IS,1736874622
334,nantucket,41.2835,-70.0995,2.06,44,0,8.75,US,1736874623
335,homer,59.6425,-151.5483,0.94,72,75,0.0,US,1736874625
336,kalajoki,64.25,23.95,-1.56,88,16,5.91,FI,1736874626
337,kargasok,59.0556,80.8572,-7.78,93,99,4.0,RU,1736874627
338,imbituva,-25.23,-50.6044,28.55,35,8,1.95,BR,1736874630
339,altay,47.8667,88.1167,-12.58,45,1,3.94,CN,1736874639
340,santa isabel,-23.3156,-46.2214,22.61,55,70,2.7,BR,1736874640
341,susuman,62.7833,148.1667,-44.03,97,68,0.25,RU,1736874641
342,san fernando de apure,7.8878,-67.4724,34.39,32,45,4.35,VE,1736874642
343,chichimila,20.6167,-88.2167,27.03,53,62,1.38,MX,1736874644
344,happy valley-goose bay,53.3168,-60.3315,-6.57,79,100,0.94,CA,1736874645
345,belomorsk,64.5232,34.7668,-2.81,86,94,4.72,RU,1736874647
346,ebon,4.582,168.6964,27.86,73,93,9.58,MH,1736874648
347,kone,-21.0595,164.8658,23.21,90,95,1.6,NC,1736874571
348,port-gentil,-0.7193,8.7815,26.86,80,91,3.85,GA,1736874651
349,poronaysk,49.2167,143.1167,-10.1,91,100,5.01,RU,1736874652
350,pangai,-19.8,-174.35,25.47,71,7,2.7,TO,1736874654
351,alvand,36.3187,49.1678,-1.05,61,8,2.18,IR,1736874655
352,talcahuano,-36.7167,-73.1167,20.82,46,0,5.14,CL,1736874342
353,listowel,52.4464,-9.485,13.03,95,100,2.89,IE,1736874658
354,nuuk,64.1835,-51.7216,-13.66,78,20,6.17,GL,1736874659
355,tandalti,13.0167,31.8667,25.49,15,29,4.84,SD,1736874660
356,sirajganj,24.45,89.7167,17.93,55,0,3.73,BD,1736874662
357,taltal,-25.4,-70.4833,21.41,71,5,2.53,CL,1736874663
358,ouadda,8.0777,22.4007,26.65,21,87,2.27,CF,1736874665
359,palikir - national government center,6.9248,158.1611,27.41,78,100,5.66,FM,1736874666
360,trinity beach,-16.7888,145.6968,25.94,78,100,2.57,AU,1736874667
361,karlshamn,56.1706,14.8619,6.27,90,100,7.4,SE,1736874669
362,peace river,56.2501,-117.286,6.48,79,100,8.88,CA,1736874670
363,gumla,23.05,84.55,13.69,54,0,1.95,IN,1736874373
364,tukrah,32.5341,20.5791,15.41,59,92,1.33,LY,1736874673
365,sierra grande,-41.606,-65.3557,25.45,15,64,4.32,AR,1736874674
366,robertsport,6.7533,-11.3686,27.95,71,71,5.93,LR,1736874675
367,hammerfest,70.6634,23.6821,0.25,86,40,1.54,NO,1736874677
368,taunggyi,20.7833,97.0333,11.63,68,4,0.68,MM,1736874678
369,labrador city,52.9463,-66.9114,-15.05,85,75,0.0,CA,1736874679
370,kenai,60.5544,-151.2583,-1.95,82,0,6.17,US,1736874680
371,pingliang,35.5392,106.6861,-6.93,60,4,0.91,CN,1736874682
372,pathein,16.7833,94.7333,19.91,79,25,3.02,MM,1736874683
373,manali,13.1667,80.2667,26.65,83,32,4.49,IN,1736874685
374,ghormach,35.7306,63.7826,6.85,51,100,0.71,AF,1736874686
375,itoman,26.1247,127.6694,18.01,68,100,1.54,JP,1736874688
376,sidrolandia,-20.9319,-54.9614,34.88,27,34,1.48,BR,1736874558
377,kununurra,-15.7667,128.7333,25.99,94,96,2.57,AU,1736874690
378,ruteng,-8.6136,120.4721,18.32,96,100,0.62,ID,1736874691
379,ivano-frankivsk,48.9215,24.7097,-4.33,88,63,2.01,UA,1736874693
380,brokopondo,4.75,-55.1667,28.35,57,48,1.62,SR,1736874696
381,hotan,37.0997,79.9269,-4.35,36,33,1.63,CN,1736874697
382,vorgashor,67.5833,63.95,-9.5,96,100,3.49,RU,1736874698
383,huntsville,34.7304,-86.5861,4.66,51,0,1.54,US,1736874072
384,nikolayevsk-on-amure,53.1406,140.73,-23.71,99,100,1.26,RU,1736874701
385,westport,41.1415,-73.3579,0.44,43,2,7.6,US,1736874439
386,lockwood,45.8191,-108.4149,-0.06,59,20,3.6,US,1736874705
387,bolbec,49.5732,0.4734,3.1,88,5,1.42,FR,1736874706
388,pahrump,36.2083,-115.9839,4.03,33,0,1.17,US,1736874504
389,bizhbulyak,53.6967,54.2642,-11.86,100,100,3.46,RU,1736874709
390,sciacca,37.5082,13.0881,9.8,71,99,4.95,IT,1736874711
391,talara,-4.5772,-81.2719,30.42,48,0,5.14,PE,1736874712
392,manggar,-2.8833,108.2667,25.66,87,100,1.68,ID,1736874714
393,novoishimskiy,53.1981,66.7694,-8.1,81,100,5.71,KZ,1736874715
394,motueka,-41.1333,173.0167,15.61,93,100,1.69,NZ,1736874716
395,broome,42.2506,-75.833,-4.18,66,100,4.12,US,1736874718
396,tshabong,-26.05,22.45,33.4,20,86,2.42,BW,1736874719
397,juruti,-2.1522,-56.0922,33.19,43,83,1.41,BR,1736874721
398,manaure,11.7751,-72.4445,28.93,63,87,6.88,CO,1736874723
399,nushki,29.5542,66.0215,10.84,40,1,1.82,PK,1736874724
400,sikasso,10.9167,-7.0,34.62,10,43,1.56,ML,1736874726
401,turpan,42.9333,89.1667,-4.25,66,0,0.86,CN,1736874728
402,pacific grove,36.6177,-121.9166,10.79,80,0,1.54,US,1736874729
403,kiama,-34.6833,150.8667,22.54,92,29,1.29,AU,1736874730
404,sinop,41.7711,34.8709,1.07,100,100,1.15,TR,1736874583
405,shajiang,26.7825,119.9669,11.03,85,0,1.73,CN,1736874733
406,sao jose da coroa grande,-8.8978,-35.1478,27.9,76,100,6.0,BR,1736874539
407,lionel town,17.8101,-77.2406,30.33,48,66,1.66,JM,1736874737
408,togur,58.3631,82.8265,-7.91,94,100,3.56,RU,1736874738
409,mar del plata,-38.0023,-57.5575,32.01,40,0,5.66,AR,1736874298
410,shubarshi,48.5872,57.1869,-8.12,92,99,1.15,KZ,1736874741
411,cannonvale,-20.2833,148.7,25.66,80,98,5.13,AU,1736874743
412,dibba al-hisn,25.6196,56.2729,20.89,61,73,1.78,AE,1736874745
413,port de pollenca,39.9075,3.0814,9.84,66,11,6.55,ES,1736874746
414,nizhniy kuranakh,58.8353,125.4869,-38.79,100,86,1.51,RU,1736874747
415,ruidoso,33.3317,-105.673,0.08,74,0,2.06,US,1736874748
416,al kharijah,25.4514,30.5464,21.15,24,99,4.13,EG,1736874750
417,gubkinskiy,64.434,76.5026,-8.81,88,100,7.09,RU,1736874751
418,kirensk,57.7853,108.1119,-3.87,93,100,6.75,RU,1736874604
419,taoudenni,22.6783,-3.9836,21.25,18,0,6.58,ML,1736874754
420,tralee,52.2704,-9.7026,13.14,94,75,3.6,IE,1736874611
421,akjoujt,19.6969,-14.4164,29.38,6,0,2.8,MR,1736874756
422,nouadhibou,20.931,-17.0347,22.99,56,0,6.17,MR,1736874758
423,svatove,49.4103,38.1503,-2.57,76,39,5.33,UA,1736874518
424,port alfred,-33.5906,26.891,22.32,73,25,2.68,ZA,1736874560
425,barranca,-10.75,-77.7667,23.59,72,61,4.65,PE,1736874762
426,harrisburg,40.2737,-76.8844,-1.84,48,0,5.14,US,1736874311
427,tuburan,6.6439,122.2736,26.97,79,100,2.84,PH,1736874765
428,charikar,35.0136,69.1714,0.24,57,98,1.17,AF,1736874639
429,undurkhaan,47.3194,110.6556,-14.81,59,53,4.37,MN,1736874768
430,walvis bay,-22.9575,14.5053,19.14,74,4,9.06,NA,1736874769
431,rizokarpaso,35.6,34.375,16.7,68,3,3.93,CY,1736874770
432,tromso,69.6496,18.957,1.01,93,75,0.0,NO,1736874772
433,wotho,10.1657,166.0102,27.35,75,70,9.63,MH,1736874773
434,floro,61.5996,5.0328,6.98,100,75,3.6,NO,1736874774
435,correntina,-13.3433,-44.6367,23.46,87,95,4.47,BR,1736874776
436,sao felix do xingu,-6.6447,-51.995,28.78,70,95,1.52,BR,1736874777
437,praia da vitoria,38.7333,-27.0667,17.28,90,100,9.83,PT,1736874779
438,tofol,5.3248,163.0078,27.18,82,30,8.44,FM,1736874782
439,ma'rib,15.4591,45.3253,18.03,36,4,1.8,YE,1736874783
440,altai,46.3722,96.2583,-13.97,27,0,1.4,MN,1736874785
441,paoua,7.2427,16.4406,28.26,19,89,1.55,CF,1736874787
442,woolgoolga,-30.1106,153.2007,23.93,96,31,2.99,AU,1736874788
443,kharp,66.8014,65.8081,-10.2,93,100,0.8,RU,1736874790
444,kiffa,16.6166,-11.4045,31.91,9,0,3.06,MR,1736874793
445,esquel,-42.9,-71.3167,18.73,30,0,3.76,AR,1736874512
446,mossel bay,-34.1831,22.146,19.27,75,26,11.01,ZA,1736874796
447,hassa,36.7994,36.5178,10.99,77,100,1.15,TR,1736874798
448,vernon,50.2581,-119.2691,-0.6,80,99,1.34,CA,1736874553
449,linxia chengguanzhen,35.6003,103.2064,-9.51,67,4,1.1,CN,1736874800
450,along,28.1667,94.7667,7.58,83,0,0.38,IN,1736874802
451,saynshand,44.8824,110.1163,-12.85,53,6,6.23,MN,1736874804
452,qinggang,46.6833,126.0833,-25.67,99,13,2.94,CN,1736874805
453,baiyin,36.5583,104.2081,-8.85,68,5,0.61,CN,1736874806
454,bardai,11.65,7.2333,28.03,15,51,4.12,NG,1736874808
455,igrim,63.1906,64.4162,-9.75,94,83,3.2,RU,1736874809
456,sao miguel do araguaia,-13.275,-50.1628,23.63,92,100,4.17,BR,1736874811
457,dunedin,-45.8742,170.5036,10.82,77,65,3.27,NZ,1736874812
458,iowa park,33.9515,-98.6687,7.75,53,0,4.63,US,1736874814
459,danane,7.2596,-8.155,34.91,23,55,1.55,CI,1736874817
460,moree,-29.4667,149.85,25.93,61,23,7.57,AU,1736874818
461,yulinshi,38.2906,109.7494,-9.97,34,0,2.57,CN,1736874820
462,san sebastian de la gomera,28.0916,-17.1133,21.2,64,20,4.12,ES,1736874821
463,warman,52.3168,-106.5679,-16.17,84,84,2.57,CA,1736874702
464,christchurch,-43.5333,172.6333,12.73,79,100,2.57,NZ,1736874363
465,upper hutt,-41.1383,175.0502,13.62,98,40,1.08,NZ,1736874826
466,wenshang,35.7275,116.4961,-4.05,26,0,3.02,CN,1736874828
467,port douglas,-16.4833,145.4667,26.16,69,86,1.81,AU,1736874830
468,gillette,44.2911,-105.5022,-2.19,79,100,7.2,US,1736874761
469,tambopata,-12.7333,-69.1833,25.94,89,75,2.06,PE,1736874835
470,powell river,49.8496,-124.5361,4.19,77,68,1.18,CA,1736874836
471,george town,5.4112,100.3354,27.96,61,20,5.14,MY,1736874838
472,gamba,-2.65,10.0,25.92,83,74,2.78,GA,1736874839
473,guaranda,-1.6,-79.0,14.91,93,100,3.56,EC,1736874841
474,huai'an,33.5886,119.0192,0.04,31,78,5.18,CN,1736874844
475,mbeni,-11.5014,43.3775,24.79,78,80,6.78,KM,1736874845
476,el calafate,-50.3408,-72.2768,13.2,45,90,6.18,AR,1736874848
477,fada,7.25,4.0667,33.9,24,30,1.91,NG,1736874850
478,murghob,38.1702,73.9667,-28.52,82,67,1.43,TJ,1736874851
479,hirara,24.8,125.2833,20.19,64,86,3.74,JP,1736874853
480,gebeit,21.0667,36.3167,20.04,75,77,6.16,SD,1736874854
481,carnarvon,-24.8667,113.6333,24.27,70,34,12.87,AU,1736874856
482,patong,7.8961,98.2966,24.08,77,58,4.84,TH,1736874857
483,chegdomyn,51.1167,133.0167,-22.04,100,100,0.39,RU,1736874859
484,yanykurgan,43.915,67.2481,-1.15,62,0,3.0,KZ,1736874861
485,new norfolk,-42.7826,147.0587,12.84,100,100,0.91,AU,1736874862
486,at taj,24.2049,23.2857,18.01,21,100,2.32,LY,1736874864
487,sotik post,-0.7813,35.3416,15.17,47,99,2.19,KE,1736874865
488,faya-largeau,17.9257,19.1043,23.08,12,70,4.81,TD,1736874867
489,pilar,-9.5972,-35.9567,23.96,65,100,4.22,BR,1736874868
490,wuchuan,21.4571,110.7659,17.31,63,83,2.55,CN,1736874870
491,buulobarde,3.8538,45.5674,26.1,50,27,7.54,SO,1736874871
492,korsakov,46.6328,142.7813,-2.04,83,100,5.05,RU,1736874872
493,magadan,59.5667,150.8,-23.88,77,4,3.34,RU,1736874874
494,hobyo,5.3505,48.5268,24.31,77,68,10.25,SO,1736874875
495,vryburg,-26.9566,24.7284,29.65,30,65,5.16,ZA,1736874877
496,buta,2.7858,24.73,28.41,30,98,1.05,CD,1736874880
497,sangmelima,2.9333,11.9833,28.45,36,100,0.58,CM,1736874881
498,mutuali,-14.8706,37.0044,23.94,82,100,0.44,MZ,1736874884
499,crozet,38.0696,-78.7006,2.41,34,1,0.89,US,1736874885
500,cadiz,36.5,-5.75,11.03,66,26,3.31,ES,1736874887
501,nizamabad,18.6667,78.1167,22.1,48,88,2.99,IN,1736874888
502,tobol'sk,58.2,68.2667,-4.41,89,100,4.72,RU,1736874890
503,road town,18.4167,-64.6167,27.02,74,75,5.14,VG,1736874773
504,elliot lake,46.3834,-82.6331,-8.98,79,100,3.03,CA,1736874833
505,prince rupert,54.3161,-130.3201,8.05,93,100,4.12,CA,1736874896
506,rio gallegos,-51.6226,-69.2181,16.03,36,20,2.57,AR,1736874724
507,termas de rio hondo,-27.4998,-64.8604,34.93,27,2,0.62,AR,1736874899
508,guerrero negro,27.9769,-114.0611,13.9,35,2,0.47,MX,1736874645
509,kuanda,56.3161,116.0806,-23.91,97,99,1.49,RU,1736874902
510,kalabo,-14.97,22.6814,22.4,88,100,3.43,ZM,1736874904
511,hastings,50.8552,0.5729,8.21,51,37,4.04,GB,1736874905
512,al jahra',29.3375,47.6581,15.33,40,2,4.37,KW,1736874906
513,karratha,-20.7377,116.8463,26.23,76,100,2.46,AU,1736874907
514,kailua-kona,19.6406,-155.9956,22.0,81,20,2.57,US,1736874609
515,kidal,18.4411,1.4078,26.89,8,100,2.1,ML,1736874910
516,kerman,30.2832,57.0788,6.04,41,51,3.84,IR,1736874713
517,balqash,46.8481,74.995,-11.36,82,3,4.74,KZ,1736874913
518,tamanrasset,22.785,5.5228,16.95,20,40,4.63,DZ,1736874915
519,inari,68.906,27.0288,-12.75,98,51,1.58,FI,1736874916
520,san felipe,10.3399,-68.7425,29.03,52,89,3.93,VE,1736874771
521,cambria,35.5641,-121.0808,11.7,45,1,2.31,US,1736874919
522,sinabang,2.4803,96.3801,26.52,77,93,1.08,ID,1736874920
523,papao,-17.75,-149.55,23.82,87,100,11.16,PF,1736874922
524,bryne,58.7354,5.6477,8.3,98,75,6.69,NO,1736874923
525,betio village,1.358,172.9211,27.02,78,68,7.41,KI,1736874925
526,porto novo,6.4965,2.6036,28.66,63,14,4.94,BJ,1736874927
527,yaren,-0.5472,166.916,27.5,81,41,7.05,NR,1736874928
528,griffith,41.5284,-87.4237,-8.58,68,40,7.72,US,1736874805
529,ocean shores,46.9737,-124.1563,3.86,93,100,3.09,US,1736874932
530,lazaro cardenas,17.9583,-102.2,29.09,50,22,0.36,MX,1736874934
531,elmali,36.7358,29.9177,7.76,81,73,1.89,TR,1736874935
532,kyakhta,50.3508,106.4494,-24.32,94,58,1.83,RU,1736874936
533,laurel,39.0993,-76.8483,-0.54,42,0,6.17,US,1736874717
534,sona,45.4388,10.8255,2.51,71,0,2.06,IT,1736874939
535,eyl,7.9803,49.8164,23.44,69,61,10.78,SO,1736874940
536,zhanaozen,43.3,52.8,2.33,89,65,4.19,KZ,1736874941
537,white rock,49.0164,-122.8026,2.9,96,100,0.45,CA,1736874705
538,takayama,36.1333,137.25,-0.03,98,97,1.99,JP,1736874944
539,gadzhiyevo,69.2551,33.3362,-0.01,60,100,7.78,RU,1736874946
540,nuku'alofa,-21.1333,-175.2,24.85,74,11,4.37,TO,1736874947
541,hono,57.6897,11.6497,6.76,83,40,11.35,SE,1736874948
542,markovo,57.3206,107.0881,-3.75,90,100,7.32,RU,1736874950
543,soto la marina,23.7667,-98.2167,16.47,38,99,2.62,MX,1736874951
544,porto franco,-6.3383,-47.3992,22.57,97,100,2.31,BR,1736874953
545,revda,56.801,59.9303,-5.99,89,100,5.07,RU,1736874822
546,lerwick,60.1545,-1.1494,8.4,94,79,6.27,GB,1736874956
547,zarnesti,45.3,26.8667,-2.76,67,2,1.66,RO,1736874958
548,lompoc,34.6391,-120.4579,13.85,70,0,1.16,US,1736874959
549,saint-philippe,-21.3585,55.7679,26.79,79,25,4.61,RE,1736874961
550,asmar,35.0333,71.3581,3.82,34,100,4.03,AF,1736874962
551,belgrade,44.804,20.4651,-1.48,86,75,1.54,RS,1736874834
552,manokwari,-0.8667,134.0833,25.9,80,96,1.75,ID,1736874965
553,sechura,-5.5569,-80.8222,27.3,57,98,2.02,PE,1736874966
554,cestos city,5.46,-9.5828,28.82,67,60,5.37,LR,1736874969
555,coahuayana de hidalgo,18.7,-103.6583,29.83,53,86,1.03,MX,1736874971
556,renqiu,38.6989,116.0936,-6.22,29,0,1.16,CN,1736874972
557,hithadhoo,-0.6,73.0833,27.64,71,42,6.44,MV,1736874974
558,bamboo flat,11.7,92.7167,25.33,71,99,5.38,IN,1736874975
559,miches,18.9836,-69.0476,25.98,70,81,5.2,DO,1736874973
560,illizi,26.4833,8.4667,12.63,30,0,3.64,DZ,1736874979
561,tumbes,-3.5667,-80.4414,29.97,62,40,1.54,PE,1736874980
562,alo,6.5486,4.2686,27.95,69,52,5.16,NG,1736874981
563,sarykemer,43.0,71.5,-0.29,34,5,2.52,KZ,1736874983
564,nadi,-17.8,177.4167,22.0,83,20,2.06,FJ,1736874984
565,tirebolu,41.0069,38.8139,7.83,91,100,2.41,TR,1736874986
566,waingapu,-9.6567,120.2641,25.94,85,100,2.86,ID,1736874987
567,anloga,5.7947,0.8973,28.22,75,52,6.47,GH,1736874989
568,adrar,20.5022,-10.0711,25.93,10,0,2.79,MR,1736874990
569,sucre,-19.0333,-65.2627,19.04,50,17,4.92,BO,1736874992
570,navasota,30.388,-96.0877,10.21,52,100,3.15,US,1736874931
571,ingeniero jacobacci,-41.3427,-69.5448,23.7,8,99,8.55,AR,1736874994
572,pukekohe east,-37.2,174.95,16.25,100,33,0.41,NZ,1736874995
573,middelburg,-25.7751,29.4648,20.02,73,87,2.22,ZA,1736874997
574,kukawa,12.9234,13.5606,21.87,29,60,3.4,NG,1736874999
575,tarko-sale,64.9225,77.785,-9.44,88,100,6.42,RU,1736875000
576,fort st. john,56.2499,-120.8529,4.99,75,100,9.93,CA,1736874898
577,san martin,-33.081,-68.4681,35.33,18,3,3.75,AR,1736875005
578,manismata,-2.4667,111.0333,23.09,99,100,1.18,ID,1736875006
579,robore,-18.3333,-59.75,38.35,30,21,0.45,BO,1736875008
580,mir bachah kot,34.75,69.119,1.14,66,100,1.11,AF,1736875009
581,cromer,52.9312,1.2989,8.71,87,74,4.02,GB,1736875011
582,brooks,50.5834,-111.8851,-3.31,73,16,3.61,CA,1736875012
583,male,4.1748,73.5089,25.72,82,100,3.44,MV,1736875014
584,dryden,49.7833,-92.7503,-19.9,90,28,2.03,CA,1736875015
585,kolwezi,-10.7148,25.4667,18.07,96,100,2.89,CD,1736875018
586,mata-utu,-13.2816,-176.1745,26.87,66,97,3.05,WF,1736875020
587,olyokminsk,60.3736,120.4264,-24.81,98,99,1.9,RU,1736875023
588,kramfors,62.9316,17.7765,2.89,87,0,3.09,SE,1736875024
589,ekibastuz,51.6667,75.3667,-8.51,78,10,3.64,KZ,1736875025
590,al mishkhab,31.8042,44.4911,14.06,47,10,3.42,IQ,1736875027
591,kurumkan,54.3,110.3,-17.83,97,63,1.55,RU,1736875028
592,kill devil hills,36.0307,-75.676,4.99,67,0,2.57,US,1736875029
593,grand-bassam,5.2118,-3.7388,30.98,73,50,5.28,CI,1736875031
